{
  "OverrideIds": false,
  "NewBlueprints": {
    // Extra Wings
    "BlackWingsAbility": "c059b7c6-89b2-4472-a7eb-83bb6672c442",
    "GhostWingsAbility": "0a3c12e5-1dd8-44be-b67a-39fd445d8660",
    "DevilWingsBuff": "a7c9d59b-17de-4fc4-ae74-80427448a2a6",
    "DevilWingsAbility": "92f9474f-1fe0-4ea2-8848-a6fd9ccd2bc1",
    "DemonWingsAbility": "bcbf5c15-38ff-4aba-a31d-71eb474041e3",

    // Extra Feats
    "ExoticWeaponProficiency": "fde57853-1e20-4c24-8191-529f51c18772",

    // Isekai Succubus Heritage
    "SuccubusCharmUnitProperty": "bc4e0bec-cfa4-4505-a7b1-eac579153d48",
    "SuccubusCharmAbility": "0e19dd2f-5e66-4d6b-8a48-9f00c221698d",
    "IsekaiSuccubusHeritage": "cd4ffe35-6174-429c-9379-97a3eb1eee70",

    // Isekai Angel Heritage
    "AngelicBoltUnitProperty": "d1fdf2bf-dc7f-44f4-a957-3b0ea98211f4",
    "AngelicBoltAbility": "ca121891-64ec-44e8-ab7d-bdd132c81e4b",
    "IsekaiAngelHeritage": "fe1c2ffe-2b29-4e02-8d17-dfce5670bacf",

    // Isekai Vampire Heritage
    "IsekaiVampireHeritage": "0a619c37-6809-4b08-aaa9-5644273b531c",

    // Isekai Spriggan Heritage
    "SizeAlterationBuff": "a01692d3-a363-4bee-800f-65d9e6c4d926",
    "SizeAlterationAbility": "1cfcc60f-ce65-406e-8325-2d1b91fc8707",
    "SizeAlterationFeature": "6410e472-de88-4f4e-a617-ff9032091e95",
    "IsekaiSprigganHeritage": "c153ef88-76a5-44f8-9c5d-7ffc03e9512f",

    // Isekai Dark Elf Heritage
    "DrowPoisonResource": "a4f0753d-c44d-473f-ad54-c27be125cc96",
    "DrowPoisonUnitProperty": "46ea8820-73d3-4820-969d-77c892addf31",
    "DrowPoisonBuff": "b478001c-e548-4c2a-9269-b146c3d26ca7",
    "DrowPoisonAbility": "ccf4ed15-373b-4cd5-83d0-91d84c61449e",
    "IsekaiDarkElfHeritage": "aa48248f-484e-4651-b4bc-87d1b1cad68d",

    // Isekai High Elf Heritage
    "IsekaiHighElfHeritage": "e43cba05-c39e-4c09-b12d-125f0d4ca74c",

    // Isekai Wood Elf Heritage
    "IsekaiWoodElfHeritage": "07b30d8c-2ae5-4580-8e59-998e5959abd3",

    // Isekai Furry Heritage
    "IsekaiFurryHeritage": "f7131b02-7a40-4eac-914f-05bbeaac9582",

    // Deities
    "IsekaiDeitySelection": "d7a574be-5e91-4420-b859-9f0ff708fdcf",
    "TruckKunFeature": "36513264-aae2-418f-8fd1-7525b143efd0",
    "GoddessAquaFeature": "8a8a7ec9-ed8b-4002-be42-307637e5cd8a",
    "GoddessRistarteFeature": "e502bb18-5ec7-494d-a20d-fa528b395d55",
    "AdministratorDFeature": "8d9d6a11-57fd-404d-ba56-069039a7b8cb",

    // Backgrounds
    "IsekaiBackgroundSelection": "5400da49-2595-443c-b6ba-0574d8c191dd",
    "BackgroundTabletopRPGPlayer": "d317a919-354f-4c40-a7ae-285f293f106b",
    "BackgroundMartialArtist": "f1502fbd-14dc-431d-9481-43e910425dc6",
    "BackgroundSalaryman": "e7151a7f-449c-4aa6-bda4-8fa41e1b489a",
    "BackgroundHighschoolStudent": "c94d449b-7978-45e8-89cc-2c7f76999203",
    "BackgroundOtaku": "9929eb69-6f55-4670-9059-4006b9d11a17",
    "BackgroundRebornDemonLord": "b0cacd75-536f-4b30-b453-0c00730419d8",
    "BackgroundGamer": "2490f301-fc55-4be5-a726-34b8436e29e6",
    "BackgroundBetaTester": "b02bce21-632d-4a54-b46e-de9620b8ebcd",
    "BackgroundDemonicCultivator": "445b9767-ee4d-40c8-87d8-3ed025570afd",
    "BackgroundEnlightenedSage": "83284431-4060-48c5-b73c-1527bc90e66b",
    "BackgroundMusician": "17ad1a62-9409-4e33-b248-4a272da5fa20",
    "BackgroundRationalist": "4f4c2581-d2b4-4c48-839a-68a5c7f9d9bb",

    // Exceptional Feats
    "ExceptionalFeatSelection": "f13b7a85-ea3c-450b-a2ef-c2f04b728515",
    "ExceptionalFeatBonusSelection": "c429b994-e70f-4f61-a65b-c3130e2266a9",

    // Exceptional Summoning
    "ExceptionalSummoningSelection": "d643aa89-079f-4af6-8c52-fea2a4292693",
    "ExceptionalSummoningBonusSelection": "2469a345-5d08-4d53-9e28-ac0bc16783c3",
    "MightySummoningSummonBuff": "1f017106-a0e3-4eef-a8f2-3bcb62256979",
    "MightySummoningBuff": "1435e658-ec5c-4425-a087-21cd66aa756c",
    "MightySummoningAbility": "91cf3dae-7106-46ff-8719-6bea757143a5",
    "MightySummoningFeature": "9428fd68-a233-43a9-afac-1e1b54c1f037",
    "MagicalSummoningSummonBuff": "f62ec302-5ab5-435b-a75e-efff461e3288",
    "MagicalSummoningBuff": "098f65bf-9a95-4037-90e7-3ba6f7d68b60",
    "MagicalSummoningAbility": "2ac919da-6b57-4c7a-8207-c7b8f5aebe87",
    "MagicalSummoningFeature": "5a095314-4b5d-4c06-bfef-3d70daedcaf8",
    "ForbiddenSummoningSummonBuff": "16e3a425-5a23-408b-ac2d-60b26411225b",
    "ForbiddenSummoningBuff": "8dd67af9-9ec5-4f2a-8c11-f1b452f95d93",
    "ForbiddenSummoningAbility": "d9ebb672-cd50-4e52-8aa3-8ab29d4fd6ab",
    "ForbiddenSummoningFeature": "b38b47ce-0bd1-4989-9b24-44f0d10ebe06",
    "FerociousSummoningSummonBuff": "4d0572d4-da04-4fbb-bb65-7299c7ed1b9d",
    "FerociousSummoningBuff": "b4705ca7-358c-4961-a0d5-119a2e1ba587",
    "FerociousSummoningAbility": "556880d1-d257-4c1c-b63c-e67d39d6da77",
    "FerociousSummoningFeature": "409eea83-086c-40bb-bf39-4f0d7743be1d",

    // Exceptional Weapon
    "ExceptionalWeaponSelection": "0798a829-44db-40e7-b62e-b3514cfb4abf",
    "ExceptionalWeaponBonusSelection": "e87a1bb7-1a5a-4263-9837-93c9ca167914",
    "CorrosiveWeaponBuff": "031c57a6-181b-4a79-b36d-2a9c10af904e",
    "CorrosiveWeaponAbility": "5eab1e05-908d-4dd5-8088-661caad3f6b6",
    "CorrosiveWeaponFeature": "14a3c35e-fd57-478f-be0d-47b2180ffd1e",
    "FrostWeaponBuff": "b9261745-2da9-4dce-9c0e-208522eaff73",
    "FrostWeaponAbility": "b1cb41ac-09dd-4a84-95a6-41dc414c6cb6",
    "FrostWeaponFeature": "dfb63e55-ff95-4adf-a12a-3eea3428debf",
    "ShockWeaponBuff": "8fdfcd55-9b3a-4496-a5b3-8e3d0008d8b9",
    "ShockWeaponAbility": "5e2d2de2-af68-4cf6-9960-ad001fc1ca9e",
    "ShockWeaponFeature": "d6b30fd8-2c63-4ac5-b3ce-5a492f5288be",
    "FlamingWeaponBuff": "90b3fb4c-6b67-4e23-9e59-4e190dad7ea6",
    "FlamingWeaponAbility": "a29f3c9e-8249-4be0-89fa-4aac8ba0a3c4",
    "FlamingWeaponFeature": "6d8ae869-50c1-43c0-b940-98efc9e1e751",
    "ThunderingWeaponBuff": "b9934282-25e0-4141-a6f9-880588af92e5",
    "ThunderingWeaponAbility": "9825f5e9-e462-41f3-afaa-e70dfd6444e6",
    "ThunderingWeaponFeature": "2b6b0b52-7baa-423b-9dd4-04b7b9b13162",

    // Archetypes
    "GodEmperorArchetype": "2ff78bd9-6224-4376-9f64-720ce94d0616",
    "EdgeLordArchetype": "900db658-4f20-4636-ae84-a198c2b50f58",
    "HeroArchetype": "95b27caf-1d96-40f1-8388-aeb2a822e24b",
    "MastermindArchetype": "180d4203-38cd-47e8-b3c7-3618c2da03ee",
    "OverlordArchetype": "7d9fa1f5-c8e2-4c68-adc7-bc493e94ae56",

    // Isekai Protagonist Class
    "IsekaiProtagonistClass": "051cef8e-2906-4217-a6d5-c8011b1d9f60",
    "PrebuildIsekaiProtagonistFeatureList": "de7da5cc-7e37-438a-855c-a31f861a4960",
    "IsekaiProtagonistProgression": "c5190864-af7d-439e-981c-47d059e9c8c9",
    "IsekaiProtagonistSpellbook": "094d7d56-08e0-424b-944e-568030a529aa",
    "IsekaiProtagonistSpellList": "aaa34b3d-d70d-45b0-b060-5d125c7ef366",
    "IsekaiProtagonistSpellsKnown": "6d3f3e9e-a449-4bed-a4c6-865a5d01b346",
    "IsekaiProtagonistSpellsPerDay": "1f89acc7-f07c-4d76-b217-89fdd4f8414e",

    // Signature abilities
    "IsekaiProtagonistSpecialPowerFeat": "8f8b74df-5190-42e1-a7ae-ad797cb8430a",
    "IsekaiProtagonistPlotArmorFeat": "91751bce-90bc-42a2-b667-c807146a0cfb",
    "IsekaiProtagonistOverpoweredAbilityFeat": "107d5300-b827-4963-a84c-df0e61fa7107",
    "IsekaiProtagonistBonusFeat": "414b5c1b-3b32-4e54-99e3-96505698a929",
    "IsekaiProtagonistLegacyFeat": "409b95a4-31cc-4474-8886-d06050deb25c",

    // Isekai Protagonist Features
    "IsekaiProficiencies": "f85b2b09-e16e-4cd6-acba-d262d2a27881",
    "IsekaiCantrips": "7075cc91-de39-47f0-bbfe-e47b679ce1d0",
    "IsekaiTalentSelection": "b27a3573-9bbd-4653-bee5-9c022008c490",
    "IsekaiBonusFeatSelection": "039dec4f-d83c-4e4b-9be9-e4aae6fe4b5b",
    "IsekaiNoPetFeature": "c11cf805-dfa1-4c07-b054-fa32335b4201",
    "IsekaiFamiliarSelection": "6988b26a-2bc0-4a9e-9411-e7cce90fb134",
    "IsekaiPetSelection": "de3b6f1a-73a1-4a24-aa58-53af47f8e550",
    "PlotArmor": "8acca981-65f0-4933-8093-3f788ec9d2c6",
    "OtherworldlyStamina": "7f0bc8e8-34ad-4691-b66e-a2d526a35d0b",
    "SignatureAttack": "834fc856-6aa1-4abc-aa59-7c100ad190f4",
    "SignatureAbility": "2fd6a680-7fc8-4d67-9394-27074333892f",
    "SignatureStrike": "335bd25d-8978-42dd-9339-75ef9da6746f",
    "SignatureMoveSelection": "9f2929df-e9fc-4cd2-9d40-6240763eb91f",
    "SignatureMoveBonusSelection": "3bb9b5da-01c7-4bc5-bafa-6661db4e0708",
    "IsekaiFighterTraining": "61c3c186-fc1a-4735-97e3-99e8b6eac959",
    "Afterimage": "7ad9bfd8-d189-4b7a-89c6-f93c401f1c7c",
    "IsekaiQuickFooted": "f178a6db-1e64-40d2-84ee-87483c9d681a",
    "SecondReincarnation": "d174a98e-9963-4c90-8a0a-68a2d648195e",
    "SecondReincarnationBuff": "7fee4dae-16d8-46b8-be24-59d64101d75c",
    "FriendlyAuraBuff": "450c2d6c-4ffd-4f45-971e-099457e0dd54",
    "FriendlyAuraArea": "5bfec8d0-c27b-4d34-b8d3-d532bfc78386",
    "FriendlyAuraAreaBuff": "ce7fbc51-9904-4200-b15f-949b4d73e518",
    "FriendlyAuraAbility": "7b1b7ada-b0aa-4fb3-9768-be512e9b02f0",
    "FriendlyAuraFeature": "b509ab2b-7968-4280-807f-0e49e3ce777c",
    "DarkAuraBuff": "933e2f47-c9b1-4b73-a76c-6072f9171ec6",
    "DarkAuraArea": "f56e4cb4-2f89-4c6f-8e88-2297505f42d8",
    "DarkAuraAreaBuff": "15de04ea-523a-48c8-942b-19619fa2b657",
    "DarkAuraAbility": "fee7e12a-40fe-450c-9901-813b58a695cc",
    "DarkAuraFeature": "67f01a9d-f8d8-474d-bd5b-db91a616cf16",
    "DivineAuraBuff": "80405b4a-9bc2-456e-8d4a-2d11608f8fcd",
    "DivineAuraArea": "483c36e4-3a04-496f-96f1-5894b1a1d26e",
    "DivineAuraAreaBuff": "7a3573a0-8a1d-47b1-bab9-a0d98391136f",
    "DivineAuraAbility": "c305a1d5-5b7a-4786-a246-5cbcbc6356a4",
    "DivineAuraFeature": "0b2a9d1a-7beb-4407-8ae3-33f967793fd4",
    "IsekaiAuraSelection": "a3f91fe5-170c-446d-b4be-8d476bbc8083",
    "SummonHaremAbility": "7515ae38-dcb1-4bc7-9777-cb2805e68b86",
    "SummonHaremFeature": "78eabb74-8980-4195-a198-1f0aa4f550ac",
    "ReleaseEnergy": "a70f0191-2380-49f0-a0a4-0e699915861b",
    "Gifted": "c9ce6b96-5283-4c9c-831a-fad3fec7bd9b",
    "SecretPowerSelection": "a4c0de87-2d22-4602-a139-50d7c42a178e",
    "HaxSelection": "529f358d-1c66-465f-b4b0-a0b776edd434",
    "SeriousStrike": "100e8182-0870-4168-b844-b8fc1722a408",
    "Invincibility": "02487aed-58d6-4d2d-a308-04178ad69e3b",
    "FasterThanLight": "9bf4c81c-6511-4cc0-909e-55cdab2e2bbf",
    "NoHax": "ba22c462-affc-4fad-8713-591fd10f150a",

    // Starting Weapon
    "StartingWeaponSelection": "1dbbd5c3-19e6-4128-8707-b6e138221c1f",
    "StartingWeaponDagger": "f3c55fa3-b0c8-4054-aa69-7d48549414fa",
    "StartingWeaponLightMace": "b7efc575-21d6-4422-beb8-0459251758aa",
    "StartingWeaponPunchingDagger": "072632de-d384-4419-ba80-bae1eacc3819",
    "StartingWeaponSickle": "31ae4c61-aaec-4ac5-b774-909ce11aba56",
    "StartingWeaponClub": "2bde8fc1-016a-49b8-95f6-a44acce5b6ca",
    "StartingWeaponHeavyMace": "e924cefa-b2e6-41d6-bc3d-650f34155b1a",
    "StartingWeaponShortspear": "8e8dfdf8-8827-4ae1-aae1-5aaf9714571b",
    "StartingWeaponGreatclub": "b3cae7b6-4860-484c-b9b7-01db1e3b7c38",
    "StartingWeaponLongspear": "3ac08e61-05f1-494b-bffc-cdd1820cb4d8",
    "StartingWeaponQuarterstaff": "99adbe0d-759b-408c-b1f1-232bdf7b6133",
    "StartingWeaponSpear": "b9b0b2dd-9375-4b21-b46e-e0926980b048",
    "StartingWeaponTrident": "aa794755-4e1f-44ad-83b5-8d7a5ea35665",
    "StartingWeaponDart": "c7d6fe5d-1c7d-4364-9b91-26bd46ed5dcf",
    "StartingWeaponLightCrossbow": "00e84ebf-d3f9-4f1f-9ae4-e9864a63d5a9",
    "StartingWeaponHeavyCrossbow": "2766385a-b601-4b97-9716-a1fffdf1cfff",
    "StartingWeaponJavelin": "293bd843-b422-449e-a6cd-00907328e3b0",
    "StartingWeaponHandaxe": "42c0fc9f-52bc-4100-858e-dae0af8b981b",
    "StartingWeaponKukri": "fb8fcf12-0c70-48c1-87fc-0c883db18340",
    "StartingWeaponLightHammer": "60ddcd13-cda6-4452-a332-1fd88b57d919",
    "StartingWeaponShortsword": "96fe5659-eda1-45c1-9dbe-da0cdb6ef42e",
    "StartingWeaponLightPick": "8bbf7088-b262-4b28-ada6-ea4e1d71c18c",
    "StartingWeaponStarknife": "8832e8c9-8884-4292-883a-69fe54172e18",
    "StartingWeaponBattleaxe": "84538168-f990-4e65-ae5c-bf91fb459ac2",
    "StartingWeaponFlail": "4ebdf38e-9027-47ab-ab5f-ef2e5f6f51bd",
    "StartingWeaponHeavyPick": "3aee488c-f4a8-441a-aac4-e42ac102f698",
    "StartingWeaponLongsword": "dd728686-9223-4d01-b316-b750e9492e4e",
    "StartingWeaponRapier": "844fe2f6-1494-4ea1-879f-928ade729632",
    "StartingWeaponScimitar": "4488960e-12ad-4d5d-9e93-7fff67e90426",
    "StartingWeaponWarhammer": "ce3cb5d2-6c13-494e-8438-ad589e529a37",
    "StartingWeaponEarthbreaker": "dc81b57b-c1fc-42bf-8430-a80df41ffb73",
    "StartingWeaponFalchion": "90e1c14e-2150-4e7b-8d4c-c7635a7a9c48",
    "StartingWeaponGlaive": "a59a1666-ee28-4a95-ae4d-f656a240db30",
    "StartingWeaponGreataxe": "03c7c953-9043-4aa9-ae9c-cdf81988f50a",
    "StartingWeaponGreatsword": "08ce1a73-c955-4114-94ce-d54e28401b09",
    "StartingWeaponHeavyFlail": "d10ce487-c4b2-4772-bdff-eaa372947b49",
    "StartingWeaponScythe": "bbb8b74d-952f-4b1a-afeb-edba0db5bc5c",
    "StartingWeaponShortbow": "ad49fb39-1be0-48c5-86a6-bedee119a3a0",
    "StartingWeaponLongbow": "3c25908f-04df-487f-b129-fa68b38ffd37",
    "StartingWeaponKama": "ab554b3f-9fd1-41f9-afdf-fafc5eae6885",
    "StartingWeaponNunchaku": "9dd9cf17-2fe8-4984-b8c5-4677e1182cff",
    "StartingWeaponSai": "7329f3d9-5642-4511-833d-669f0297d81b",
    "StartingWeaponBastardSword": "9c33b0ce-c3c6-47aa-8d97-5ef2df7d1ba8",
    "StartingWeaponDuelingSword": "5f3e5ab8-40b7-4d93-a478-e0367f65dfee",
    "StartingWeaponDwarvenWaraxe": "0c4e0b0d-feeb-42e6-b5d9-70b586c6c0bb",
    "StartingWeaponEstoc": "4ea721c5-1ccd-469d-bccb-e620c8fbb12b",
    "StartingWeaponFalcata": "b42698f9-fce7-45ca-8d55-4d22c5f26f9e",
    "StartingWeaponTongi": "081ede49-edeb-4f60-9664-a521dd983c6a",
    "StartingWeaponElvenCurvedBlade": "b2add56c-1691-46d7-8627-d1b6a33d5adc",
    "StartingWeaponFauchard": "35703c4b-0cfc-4c00-995b-4a1a6cd1430b",
    "StartingWeaponBardiche": "681414fb-25ff-4a43-a23d-687303dd67ed",
    "StartingWeaponDoubleSword": "f5480d5c-cdf4-49ab-ac22-0f19afb1c227",
    "StartingWeaponDoubleAxe": "3924c2ea-dd72-42db-84c8-77baf121ea80",
    "StartingWeaponUrgrosh": "d3a34b9b-91b0-4c45-bea2-9ffe6955b665",
    "StartingWeaponHookedHammer": "48538ff8-5f11-4583-bebd-6016dbf3cbbf",
    "StartingWeaponThrowingAxe": "29aea5ee-3970-4990-91d6-0c3a04dd93e7",

    // Special Powers
    "SpecialPowerSelection": "b5e98cc6-1828-4009-8a9d-ae8638eda059",
    "SpecialPowerMythicSelection": "0c3423e4-f150-4be9-856a-e0e3417e939e",
    "AlphaStrike": "8f7a38b6-ab25-4578-83e2-0d095a247dcb",
    "BetaStrike": "290c88af-a0eb-43f8-88ac-e49a76ccec0c",
    "GammaStrike": "1c4edc77-1a1e-4bc8-add2-8784a14551b4",
    "OmegaStrike": "6aae0390-982e-4ce4-bc12-ab81f860d597",
    "SigmaStrike": "1372ec35-9e8e-4ca9-9528-31954f19da0f",
    "MundaneAura": "2a36d826-f9de-478d-bd43-3932b63b9ad0",
    "RegenerationFeature": "e6b4fa55-3e01-46c7-9e6b-a3f1911b0b65",
    "InfiniteSpaceFeature": "72ad9cc8-3ef1-4286-b5e4-29b9597d54b8",
    "TrainingMontage": "557a9018-bea9-4f2a-b110-27e9d332ab56",
    "BodyStrengthening": "f48b2667-6ac5-4971-b0a4-6e04d5082680",
    "SpellNegationBuff": "92a00da0-0ab7-42f7-9390-b8acacb3bf35",
    "SpellNegationAbility": "a3f078e9-aee6-4adb-85a1-1079af938af1",
    "SpellNegationFeature": "4baa3f55-899d-43db-9a95-3a570f78263f",
    "ExtremeSpeedBuff": "0974fddf-1011-4871-8fa8-95ce6d4f5858",
    "ExtremeSpeedArea": "019ae11e-9e49-4727-b0ee-d39800a431bc",
    "ExtremeSpeedAreaBuff": "2b57d0d0-20fd-479e-9bb8-95529a0ca8bf",
    "ExtremeSpeedAbility": "91e70095-88bd-467c-bd9c-ba6f980c7576",
    "ExtremeSpeedFeature": "51da3531-fc19-4e1a-abd2-804ce067c1f1",
    "IsekaiChannelNegativeEnergyAbility": "3c96cd97-68f3-4830-b25b-67b0199f8bb8",
    "IsekaiChannelNegativeHealAbility": "60ccdbf8-c344-45e1-b141-c53a902e59be",
    "IsekaiChannelNegativeEnergyFeature": "f185f40b-228f-4cce-a0e7-aceb0fb53363",
    "IsekaiChannelPositiveEnergyAbility": "2c70c4c3-89c4-4061-8f42-f6056e6d8512",
    "IsekaiChannelPositiveHealAbility": "00402908-33cd-4a48-bc0b-1add315b0702",
    "IsekaiChannelPositiveEnergyFeature": "c8737e26-15a5-4b4b-b44e-2323ee6f5f8c",
    "SneakyMagic": "41cd30e3-b874-4b55-9c0a-4899f15eb0d1",
    "SpellMaster": "04652042-c0bd-4977-816a-995b0fa41d7d",
    "ArmorSaint": "b82c92bd-3acf-40fd-a447-a0a730d65d70",
    "ArmorOfStrength": "cdad77a1-43a6-4dc6-86db-28bb966ece6f",
    "SummonBeastAbility": "e336a11c-5385-46d9-968c-e8a05bdf4f79",
    "SummonHydra": "6f58108e-c27b-4fec-afc9-661575859d2c",
    "SummonOwlbear": "9a92ef44-bb94-4eb4-92a2-0fac062e652b",
    "SummonRoc": "f7a14395-d201-4eef-b13d-58cc76ae4b22",
    "SummonMinotaur": "b44886d5-c705-4051-b536-d5d31b3002c2",
    "SummonBeastFeature": "fb18c7c0-d84f-45dd-85f9-aba5a12944e5",
    "KillingIntentArea": "7a03c7f9-014d-482a-84ae-06b1f4024841",
    "KillingIntentAreaBuff": "acc86b80-2c50-4da7-951a-3df4f61c2cd7",
    "KillingIntentAbility": "5fe5e85d-3240-4f0d-bfd1-c08a4995bf86",
    "KillingIntentFeature": "62a6a89b-a651-40d5-bbc8-2ec0ed0929f0",
    "MagicalAmplificationFeature": "26bc90ec-1ae4-4c95-9bf2-38b25e023e2c",
    "MagicalAmplificationAbility": "e324ef86-d165-45e6-978c-a27959d6ff33",
    "MagicalAmplificationBuff": "6e260c74-aabc-4e2a-af46-440b38d4ff9a",
    "ReflectBuff": "fe9d527c-30a6-408b-887b-6efd41ef1e25",
    "ReflectAbility": "f7c13a2e-3857-4ccd-9a38-6c63132a0176",
    "ReflectFeature": "c101a56c-1260-4525-a99d-357db59acef0",
    "Supermassive": "449725cd-7254-4781-a7c1-8f552fe89665",
    "ExcaliburBuff": "3ad0d21b-eb0f-4e08-bd2d-4ab24ddc273f",
    "ExcaliburAbility": "53fd6dd1-23ff-447a-8d54-52a7eb12de94",
    "ExcaliburFeature": "9e2de69b-d55a-4949-b8da-430b2a95fee4",
    "UnreactableBuff": "c0428d12-7997-4cb4-bbef-60ccac6d81f7",
    "UnreactableAbility": "1fec2e80-abd2-4bf2-92f5-ee6b07a4dfd2",
    "UnreactableFeature": "7eb15e66-5b44-4e55-a8fc-4f3aea656079",
    "Haggler": "7b62b414-62db-40d2-b7ea-0c98dd84b31b",


    // Energy immunity
    "EnergyImmunitySelection": "10fab0a2-6824-4181-9cf8-82aaad72c7ee",
    "AcidImmunity": "66ea106a-bb0c-4a52-a1bd-4fa77955ae4a",
    "ColdImmunity": "f956dd94-9198-4011-b836-465ef8b1eeb8",
    "FireImmunity": "9762e6ff-bd61-4f91-83a0-1f8f1391d147",
    "ElectricityImmunity": "ed887779-8eec-45df-99e6-6ea4a23ca904",
    "SonicImmunity": "609acbad-a8df-490a-9a4d-b5fc4a0cdf8e",

    // Effect immunity
    "EffectImmunitySelection": "3da96f26-a8c7-4f58-8218-6ad192004c5b",
    "EffectImmunityBonusSelection": "b2c198b0-8180-49c9-a1a8-a5c6112b37cc",
    "BlindImmunity": "4e92c46e-49c3-463e-84a4-e3674f111a2c",
    "NauseatedImmunity": "a37aeed0-797a-4f9c-941b-35429af86535",
    "FatigueImmunity": "cdbe260e-85a1-4f95-b90b-7d054b37270d",
    "ParalyzedImmunity": "c0251985-f38c-428d-9c4f-457c9bf039ec",
    "StaggeredImmunity": "81876503-ce59-4a78-a11c-c94d720a007d",
    "PetrifiedImmunity": "ebb1ca3e-8ffa-43db-89af-7f275af7e59d",
    "DazedImmunity": "296b2398-e337-43a5-bcd3-c301d5736aaa",
    "SlowImmunity": "a3474c27-5166-438c-936f-a57c4c587c20",
    "EntangledImmunity": "1a8d50f8-5d7a-4354-862d-896e340b0453",
    "FrightenedImmunity": "1a7f27ca-a0b1-4539-a71a-4d84554eae3a",
    "SickenedImmunity": "83d1be73-aa82-44e6-856d-fc76290ef6f9",
    "SleepImmunity": "97daaa9a-d8d5-4e71-9efc-9ad3273c934d",
    "ShakenImmunity": "48c5b721-2c91-4f50-883e-b9f972ebc908",
    "DazzledImmunity": "52a17692-52be-456f-a0d0-602de8b0816d",
    "StunImmunity": "242905af-7046-498e-881d-03fb0ddd0b64",
    "ConfusionImmunity": "059f7160-029e-472c-818a-8781f7d53447",
    "MovementImpairingImmunity": "9f354540-2654-4838-adcf-e3366c610709",
    "CoweringImmunity": "49c1fb42-3004-48f9-a588-b3bdb208371d",
    "ExhaustedImmunity": "6532c023-46c4-41a3-99f5-0617224a5511",
    "MindAffectingImmunity": "f7e5c3e4-6a52-4b45-a214-ef116fcdcc1f",
    "FearImmunity": "f84a53e9-5467-41d0-8ef6-74ceeb38ce1c",
    "CompulsionImmunity": "835d41c1-11eb-4f08-98a9-78b2700cdf65",
    "PoisonImmunity": "4833da41-5f42-4390-afdf-508036d5cd39",
    "DiseaseImmunity": "f8810cf7-b80b-4fd2-9f82-3f3a040ed4f7",
    "CharmImmunity": "c33e1153-83ac-4492-bc1c-ec4abd83f2d7",
    "CurseImmunity": "3b8233b9-2e9f-4af2-8ac4-64eaf365f102",
    "DeathImmunity": "e3b3fa3f-9b10-4d54-8a75-b7aca3eba1e3",
    "BleedImmunity": "3bedcb37-0103-4ca5-af11-eb56aac5ffbf",
    "HexImmunity": "879a6f61-cf23-4ad5-9267-9912828e30da",
    "StatDamageNegativeLevelImmunity": "7ec90704-9d47-4a44-86ca-6079c191542b",
    "SneakAttackImmunity": "2a6c29c6-1c24-4105-bf35-d9bc42140bfe",
    "CriticalHitImmunity": "d4cc8e7a-4b55-406a-afa3-e4c581618c83",

    // Beach Episode Features
    "BeachEpisodeSelection": "7697c19c-c07c-4411-ada4-5ece5b0a58fc",
    "BeachEpisodeBonusSelection": "02e31230-64aa-4ded-b4ee-b96f5bff1199",
    "HealthyBody": "c6165832-f997-40bb-b0af-145ea74670a4",
    "InnerPower": "51c61f4f-a583-48dd-8824-3dc4864ef844",
    "MasterSelf": "e18b657b-3167-4885-9ccc-cfcb2c4a3a4d",
    "Tenacious": "cb9360d9-ea2e-418a-a75d-d0347c717280",

    // Overpowered Abilities
    "OverpoweredAbilitySelection": "e74b529d-8ff2-4822-9abc-e475e446e6fb",
    "OverpoweredAbilityMythicSelection": "46d086ef-4932-4fb1-8652-cd4afabada43",
    "OverpoweredAbilitySelectionOverlord": "b8fdf264-0691-4e02-bbcc-6969f0e31d6d",
    "AutoBolsterBuff": "0a147ad2-fcb9-4bce-b2bd-27326b3df07d",
    "AutoBolsterAbility": "5ad0040f-cc05-47b6-a22b-45f187af825b",
    "AutoBolsterFeature": "b1221f77-bb0a-45b1-b81d-bc993b1cd728",
    "AutoEmpowerBuff": "236781bd-b572-4dbf-bddd-a7b00d91a587",
    "AutoEmpowerAbility": "1291d796-c847-4f6e-a674-aaa8c472da6c",
    "AutoEmpowerFeature": "93906e16-de01-4a24-9163-33bdbe80c1a1",
    "AutoExtendBuff": "f6c63e57-c49d-4319-bd91-aa95809d4066",
    "AutoExtendAbility": "78d7f521-fec7-458a-a22b-911fcf7956bc",
    "AutoExtendFeature": "1990936f-9f50-4b5b-826e-394e34e05479",
    "AutoMaximizeBuff": "aa2f0310-b64a-4d10-9a69-cd6e8963eeed",
    "AutoMaximizeAbility": "9b1b61f3-ab12-4c27-94cf-0a32547d84dd",
    "AutoMaximizeFeature": "1fd610f4-ec36-4298-adca-bf9c5a0bc3cc",
    "AutoQuickenBuff": "5e10bde0-8827-4e24-8eea-2af0ea594f66",
    "AutoQuickenAbility": "eb1eef5f-b66d-42fd-9f6b-3811089eb995",
    "AutoQuickenFeature": "44f7f338-4d58-4e47-a1fb-b9c68b789333",
    "AutoReachBuff": "5f9d2439-39f2-4d34-8772-1208f9be6796",
    "AutoReachAbility": "4a6f7cb7-4de7-4d86-803b-e7f076c11a40",
    "AutoReachFeature": "5c70e774-8e0b-4441-a67a-f08f483d66a3",
    "AutoSelectiveBuff": "f6acf6bc-d6d5-48f5-a34b-82d8784607c5",
    "AutoSelectiveAbility": "200e9eab-fdd8-4e5e-9461-b49c855416a5",
    "AutoSelectiveFeature": "d65a5f18-5014-4697-afaa-c5858f06116e",
    "AutoMetamagicSelection": "e8aa20f4-4fd9-406a-84c9-da3161ed4ca3",
    "AutoMetamagicSelectionMastermind": "3db86b8e-6723-45db-a2da-d2902c1e33ce",
    "InstakillAbility": "55e06f68-8f56-4d4b-824f-f6bbaa46899d",
    "InstakillFeature": "d9c8316e-3a4f-4737-ae7c-56838eb42540",
    "DupeGoldAbility": "ec30bae3-78a1-4c58-81aa-4722f3dd9469",
    "DupeGoldFeature": "8b74787b-f7e0-42e2-aace-7d3e9d198103",
    "PerfectRollBuff": "57b81080-a37d-45d8-8854-c8cbf30dce24",
    "PerfectRollAbility": "3a7b97f6-f6c6-4095-be85-5fd49dc39160",
    "PerfectRollFeature": "7b53443a-43b4-4c86-a1fc-3e57893333fa",
    "SuperBuffAbility": "a75ce3b1-221e-4a4c-bc8f-0c5235938705",
    "SuperBuffDismissAbility": "731cd00a-7dee-4256-8209-7b4ecac0aa66",
    "SuperBuffFeature": "a7d8ceeb-9ab6-4d8a-9a1b-001e5b413732",
    "UnlimitedPowerAbility": "297c0daf-9cb3-49e8-aa50-9b4c711468c3",
    "UnlimitedPowerFeature": "be9871a9-0a70-4482-83a0-2b05f4584d84",
    "MindControlImmunity": "56a15147-a3ef-4d58-a3da-db905cbaf3a6",
    "MindControlBuff": "cf0f7bec-41eb-410a-bc27-edd0acbfc410",
    "MindControlAbility": "9e58a241-2624-45d3-b288-fa01239b433e",
    "MindControlFeature": "13c6bdb4-13b7-42f2-aa05-12e78f12e7d0",
    "SummonDevastator": "d2ed092c-5ee2-4d82-8ecd-069ff58b1196",
    "SummonPlayfulDarkness": "f22ad860-834d-4df1-8c51-10e9890bb976",
    "SummonBaphomet": "577348de-29c4-4236-b8e4-286aa34c3aa4",
    "SummonDemonLordDeskari": "2df13679-7f57-4c8a-b82e-438738e60100",
    "SummonDemonNocticula": "211f19a3-25b3-48a4-abcb-a78c531810e2",
    "SummonDemonMephistopheles": "d6b05e3f-ac55-4844-82c9-c66d4f489b69",
    "SummonAreshkagal": "2ad40a24-1e3b-49c3-9639-4bedc2b73be5",
    "SummonCalamityAbility": "e379c45c-2eef-4229-bcc2-7b7f95bab93e",
    "SummonCalamityFeature": "0cbb549e-a311-4c52-b76e-033f7f1b5d20",
    "TrueResurrectionAbility": "25c39cdd-c81f-43cc-8d14-c52c2adb3858",
    "TrueResurrectionFeature": "56cf33e8-6c2f-4759-ae2d-771c08ce17ff",
    "SupremeBeing": "241af16f-4b0e-4866-b44c-c9d7f6a6fa34",
    "RighteousWrathEnchantment": "a2217b5a-9cc0-4ddf-9f04-49dc180da423",
    "RighteousWrathBuff": "f7c3d96d-521b-4d3b-9cdc-fc73b4f48d58",
    "RighteousWrathArea": "342c439e-37b9-430e-a47f-e26bec5203dd",
    "RighteousWrathAreaBuff": "03c632a7-7829-496e-be90-f1605c252ddf",
    "RighteousWrathAbility": "a29e2b67-1e55-40a0-ab32-38ff7a231a7d",
    "RighteousWrathFeature": "fd680a28-f187-4884-b8ea-f6f084d8d5c1",
    "MalevolentRageEnchantment": "3b0a49c4-9233-4d59-9fec-605df253074e",
    "MalevolentRageBuff": "c30a8cc9-2c6b-45bd-a36f-73e44416c7a4",
    "MalevolentRageArea": "0824c4cc-df5f-4965-b694-479acd29b349",
    "MalevolentRageAreaBuff": "387335da-3d87-4101-899a-7a47e9bdc9f7",
    "MalevolentRageAbility": "1a072b99-cbcc-464a-b100-2235038d722c",
    "MalevolentRageFeature": "4939dbe4-46eb-4770-ae56-f1e88a0683bc",
    "IndignantFuryEnchantment": "41214b1e-37ca-4610-9a7c-03ab1cad76b5",
    "IndignantFuryBuff": "8eead787-25eb-459b-9f7f-c273f1f9b2e3",
    "IndignantFuryArea": "a224fed0-8af4-4e95-939c-023f2c29fab4",
    "IndignantFuryAreaBuff": "5209fc6e-93e4-4e5c-aa73-5fed96d4df92",
    "IndignantFuryAbility": "50a3f35a-2ad5-4ac1-9afd-f205a3bc7e74",
    "IndignantFuryFeature": "2d1b89cc-0252-480a-b235-e9177977009e",
    "ChaoticFrenzyEnchantment": "ae48c0ba-f71e-4ecc-9a56-1be60b4e7e9e",
    "ChaoticFrenzyBuff": "7ca2709c-cadf-4ebb-a476-ea4e0a194feb",
    "ChaoticFrenzyArea": "4ed4e36e-4d74-4b7c-b89b-1024b9137443",
    "ChaoticFrenzyAreaBuff": "3bc9cdae-9e08-4104-8517-9f8b2b7d30e8",
    "ChaoticFrenzyAbility": "4afd2983-436f-47f7-82df-b229b1f3a0c7",
    "ChaoticFrenzyFeature": "ebb1bb16-5382-456f-be37-c9957881a9df",
    "OverpoweredAuraSelection": "c42c4247-3b0c-4b9b-90d5-30855087b78a",
    "MetaLuckDebuff": "57940bb5-92c1-4e10-958c-6ebfa74444c5",
    "MetaLuckBuff": "1906fcb9-af99-4d8c-8d2f-5ed427ab5196",
    "MetaLuckAbility": "20313ba6-d5e9-4f74-bc76-873117d0ea42",
    "MetaLuckFeature": "81553aaf-e241-44ba-9e6e-330871e3ffa0",
    "PowerLevelingBuff": "f4a7a6e7-9d87-4cb1-ae29-58356a887fce",
    "PowerLevelingArea": "5b0854ec-6ce1-4525-bef3-55698e8a9b5b",
    "PowerLevelingAreaBuff": "691fd2b1-2e51-405e-90b1-067959bbb244",
    "PowerLevelingFeature": "98f66657-5797-450c-9ecf-09fa0ef8a20a",
    "MasterSummonerBuff": "d8178ef6-2a8b-4de5-b048-bcec32c58d63",
    "MasterSummonerAbility": "2d5c9ae0-b17f-4d63-8a70-782d48698404",
    "MasterSummonerFeature": "4566f5f6-6e55-4b8e-a787-6fd83e216e87",

    // Underpowered Abilities
    "UnderpoweredAbilitySelection": "38b97914-cd27-49a4-9237-9a3b58aa6968",
    "DodgeMaster": "05bcc2a6-187c-4d33-9911-99a83ceac62c",
    "BulkMaster": "e80c568b-73c8-4fc6-bee6-a42c4c647aba",
    "ThoughtMaster": "7fbb9899-6023-4c15-befb-6f15ed186ad3",

    // TabletopTweaks-Base AutoMetamagic OP abilities
    "AutoRimeBuff": "e1b63a2c-23e9-49e3-acaf-6ee89aeabc99",
    "AutoRimeAbility": "f9831ed2-c84a-4692-8597-e0c017bb510a",
    "AutoRimeFeature": "75b0ba47-4248-43fd-b657-b7116d08b03f",
    "AutoBurningBuff": "cd504148-9eb2-4760-a8a8-ba2ba0b3a156",
    "AutoBurningAbility": "f56d73e2-4b97-4ef2-b893-767eb589cf14",
    "AutoBurningFeature": "b8bffd54-349f-487b-a4ba-9e407973b383",
    "AutoFlaringBuff": "19a33669-4e40-4a9c-8cd6-f8a85a183536",
    "AutoFlaringAbility": "6a825e66-ac75-4277-9d76-997a556816d6",
    "AutoFlaringFeature": "e7fe766d-5e4b-463a-a83c-74b8d66f9f89",
    "AutoPiercingBuff": "77dc8ff9-8ddc-46c1-bfba-349b322ca55f",
    "AutoPiercingAbility": "2b71609e-d4d7-4fe6-b04a-b87e768caefc",
    "AutoPiercingFeature": "663c05c2-b007-4192-b65b-41d08fba3938",
    "AutoSolidShadowsBuff": "8670ff56-b7ce-46a5-9647-8148843eadee",
    "AutoSolidShadowsAbility": "92d27bb5-d15f-45e0-b43c-f0153011bd55",
    "AutoSolidShadowsFeature": "44f95e73-458d-4970-b589-bf1c5f10f5d3",
    "AutoEncouragingBuff": "faab8a70-1b55-41a5-9634-c32de3f0ac3c",
    "AutoEncouragingAbility": "7b18ca86-1b5d-44d3-b233-6cf343972098",
    "AutoEncouragingFeature": "5756078b-7a76-49a1-9145-7d5c8d5c0b42",
    "AutoIntensifiedBuff": "3cd2d372-6c67-4320-8016-b6f32b0d57ee",
    "AutoIntensifiedAbility": "ae81a96d-0776-4258-9a4f-58bec2bb46bf",
    "AutoIntensifiedFeature": "379d63d3-75d6-4295-bfc0-67c849c4709a",
    "AutoElementalAcidBuff": "fe6831cb-4d98-4104-b3cf-517c3666c256",
    "AutoElementalAcidAbility": "67434546-f79c-4efa-acfc-c0ce86c63885",
    "AutoElementalAcidFeature": "b0a28654-4237-42fa-aba3-1da37abf8e63",
    "AutoElementalColdBuff": "83a80bde-2b92-43a3-b8e6-78419cf6ef0c",
    "AutoElementalColdAbility": "0396f43e-7e55-4df0-ac2b-b89e7e8db299",
    "AutoElementalColdFeature": "4c6db9fa-b0f6-4129-9dc0-39f949e202b2",
    "AutoElementalElectricityBuff": "1b7bcbab-d877-4b0a-bf21-1cb8bcdc11ae",
    "AutoElementalElectricityAbility": "f0f607f3-54e7-4c94-bbb8-e08f7fc50b29",
    "AutoElementalElectricityFeature": "b0820a7e-c13e-4350-a008-075e1592154e",
    "AutoElementalFireBuff": "02ffed6a-3255-4f21-87f6-3824eafea87f",
    "AutoElementalFireAbility": "b64159e6-2fbf-4ece-96a5-c162f827dd2d",
    "AutoElementalFireFeature": "335ef0b6-c890-4e3a-8dec-85171831aafa",

    // God Emperor Features
    "GodEmperorSpellbook": "51f83cfe-aac9-4c49-8eac-294cd5dc8e1a",
    "GodEmperorProficiencies": "1f112bb6-3b8e-44ca-8158-325436f6b308",
    "NascentApotheosis": "c2ffd60b-ed95-4c7b-8486-948e870ad38c",
    "GodEmperorEnergySelection": "d29f91a8-de2d-4b85-b929-14b438acf19e",
    "GodEmperorAuraSelection": "0aebc047-e6b1-4951-b139-127f24c3f35b",
    "LightEnergyCondensation": "f5880fc0-9d39-4e61-9f2b-afde46d152c2",
    "DarkEnergyCondensation": "b9323929-735d-435a-8edc-557dfef5e037",
    "EnergyCondensationSelection": "546e272f-91a8-4474-8ea0-9df2a8f51925",
    "GodlyVessel": "128a880e-72d8-4800-b246-dcc85d7edb1d",
    "Godhood": "57649922-6046-4aa7-82aa-6f3c95ecb9e4",
    "GoldBarrierBuff": "b025cc85-6989-4512-9bd8-14c88a3e0b8d",
    "GoldBarrierArea": "e30be595-fbb1-4a73-9542-fbab025b561a",
    "GoldBarrierAreaBuff": "f6f01dc8-6d05-41e3-9ad6-f7b8bdc8e84a",
    "GoldBarrierAbility": "cbb73cca-8019-4be9-b141-912857de4ebe",
    "GoldBarrierFeature": "203fd36f-2228-449b-bf51-f61c385ec77c",
    "VoidBarrierBuff": "8903f122-0c61-4132-b338-ce3cd5b19341",
    "VoidBarrierArea": "419eb8f9-0e77-47ae-9d21-59f065131e70",
    "VoidBarrierAreaBuff": "b29f268f-68fe-4964-991c-c08478677155",
    "VoidBarrierAbility": "07583464-bf1f-4662-83a3-18f4568516ff",
    "VoidBarrierFeature": "4af4a3ca-5d19-4ed8-99bb-1df9b42e842d",
    "BarrierSelection": "51623362-0d2e-4724-bc49-3d2a6bc3388b",
    "MajesticAuraBuff": "38ad66b1-b10c-44c1-86a7-d2a8a6df279c",
    "MajesticAuraArea": "d972a3da-0e4e-497f-adc2-f4019605e915",
    "MajesticAuraAreaBuff": "d721187a-499b-4ee2-a51f-d7569dab8313",
    "MajesticAuraAbility": "07f6caaf-0005-429d-af13-d40f8453cbeb",
    "MajesticAuraFeature": "2d178124-ddb0-4be9-835b-f659009b6d82",
    "SiphoningAuraBuff": "d0bb7228-6ea3-4ae5-81d0-9eb5e350a330",
    "SiphoningAuraArea": "aa309882-b248-4574-a0a8-44c997710f4f",
    "SiphoningAuraAreaBuff": "47ef4a38-afbc-40eb-868f-f5f5af3ea04b",
    "SiphoningAuraAbility": "45e3f209-d90b-41bf-81c1-404b5ed577ab",
    "SiphoningAuraFeature": "ca467aba-ba1a-4ce4-a33f-a099f0813bbb",
    "BodyMindAlterSelection": "6c6c5f5c-afcf-4039-9f1f-ca0f218be04b",
    "RighteousPathBuff": "1be97c4f-8d4b-433d-963c-e174c05a8f45",
    "RighteousPathAbility": "cd8f31d5-25c8-4061-bd42-763ce5c8d994",
    "RighteousPathFeature": "ea1d701d-5314-4c4c-9a0d-51f0392135a7",
    "UnjustPathBuff": "b00e49c9-dbcb-45cd-9fb7-a373776f0486",
    "UnjustPathAbility": "1c197ff2-ca6f-4b81-bb0c-ddf14bacf31e",
    "UnjustPathFeature": "0db55bbe-5ee1-4883-bb9b-5cf8cf7c9b8f",
    "PathSelection": "6aed0c32-2505-427e-8469-5ad53406d7f1",
    "CelestialRealmBuff": "72c83033-906c-49fb-b808-04d5c5b9ffe1",
    "CelestialRealmArea": "8fd93643-e7b0-4d65-99ba-9e54b13319de",
    "CelestialRealmAreaBuff": "2d2d6956-caaa-4c71-b2d0-b7a576cc264a",
    "CelestialRealmAbility": "454f97b6-a9a5-4fe7-946d-6ae46c830a73",
    "CelestialRealmFeature": "2e6d56c2-ee78-4d74-b625-6c92fd3a4637",
    "ShadowRealmBuff": "f4e1e74b-e77a-4494-a185-ac1a115ada06",
    "ShadowRealmArea": "da66fdd5-dc4e-4c04-a818-d5c75f3ce1a6",
    "ShadowRealmAreaBuff": "379f2b05-1df8-4569-9281-92146492fb5f",
    "ShadowRealmAbility": "fde6b3b0-3227-4a2e-bec5-031409a1d2c3",
    "ShadowRealmFeature": "ed1a985c-a31a-4679-b087-e121e84b6e7c",
    "RealmSelection": "ebbf45fb-aeb0-4459-a897-d113e79291ac",
    "GodEmperorQuickFooted": "0417e3a9-51ad-44d0-b851-5e695d26119f",

    // Edge Lord Features
    "EdgeLordProficiencies": "08979809-7770-475e-934f-f69c270e3cf5",
    "SupersonicCombat": "89a4f509-0847-4956-9564-0b6a04645f77",
    "ExtraStrike": "5c37047c-4030-47c7-ab09-dac2d523f8ce",
    "ExtraSpecialPowerSelection": "0565a90f-07ad-46a4-b62f-b336859a36cf",
    "ChuunibyouActualisationBuff": "ea49281a-3ea8-4a4b-adea-9d5dfd752a22",
    "ChuunibyouActualisationArea": "2c52207b-0c4c-4e4e-aad5-384a49b2c82d",
    "ChuunibyouActualisationAreaBuff": "46f899a7-a6a4-4c99-bcc6-1c4b41afb487",
    "ChuunibyouActualisationFeature": "e524b96f-ec07-4aa4-a6d7-71f4a5cb9eda",

    // Hero Features
    "HeroProficiencies": "52d94ea9-9301-4acd-a691-b4661dbac7f1",
    "GracefulCombat": "bfe81697-dba2-42bd-ac5a-6c51b8f43004",
    "HeroAuraSelection": "28fb89a0-693d-437a-be3d-63f7d1d03451",
    "HandsOfSalvation": "e4ae4694-a246-4b65-8375-1459acb53215",
    "GoldBarrierHeroism": "96075708-a755-45c2-bf37-5331602a4658",
    "GoldBarrierFastHealing": "8546375c-f027-4471-bba7-cc03b56a64f6",
    "GoldBarrierFastHealingBuff": "3dcc0e7b-c425-4ed7-ae29-c48052e8c2da",
    "GoldBarrierResistance": "769ad250-864a-4361-80d7-9110c35c3b93",
    "GoldBarrierResistanceBuff": "26d76f90-4ece-45cf-9770-9ca40c909fd9",
    "DeusExMachinaBuff": "0719c960-ce1b-4ebf-bd45-b64d6bcbdd62",
    "DeusExMachinaArea": "28ad0556-3ec1-44a2-ae81-bef4a2ef5c98",
    "DeusExMachinaFeature": "230d2557-97cb-4935-a251-2939b525c7c2",

    // Mastermind Features
    "MastermindConsumeSpells": "8b9384af-08a1-44af-93b7-622e9228c85d",
    "MastermindSpellList": "c584ebea-5016-4e19-9910-0dac308e9456",
    "MastermindSpellsPerDay": "43769461-bf66-4d5f-8362-ee9f4b0d30eb",
    "MastermindSpellbook": "9f393ace-2006-436a-85f9-8b47f347d3cd",
    "MastermindProficiencies": "b4d2cd29-c850-4716-95c1-74eca502a30c",
    "MastermindQuickFooted": "e744ccad-7669-44fb-8052-decc9d75ee7b",
    "MasterplanBuff": "e76a6173-b411-469f-a28e-67a02dc17564",
    "MasterplanArea": "8f585b71-c4e1-4d0b-a3f6-24c33a584c63",
    "MasterplanAreaBuff": "074a5e83-7f2b-47aa-8b0d-1c5788531281",
    "MasterplanFeature": "b4d16513-0c4d-42f4-b934-a32f4973692e",

    // Overlord Features
    "OverlordSpellbook": "5af8935b-58a4-4c06-b2f1-7f511ece6999",
    "OverlordProficiencies": "11315b12-fa66-4b0c-ba8a-4a8e205a6d03",
    "CorruptAuraBuff": "d4968dff-22ad-435c-bd21-2b3f5afc69a0",
    "CorruptAuraArea": "770151d3-c0d7-4baa-b856-b94b23fdfea6",
    "CorruptAuraAreaBuff": "44a2f1f6-ec06-4f3d-8a41-c5debba18ea6",
    "CorruptAuraAbility": "1ac5a96b-4861-4b77-8314-f2684d48a45f",
    "CorruptAuraFeature": "3852c32f-e3ac-45dc-bb14-d868a87467ac",
    "SecondPhaseBuffEffect": "1204ffd1-2371-4497-bbde-e839ee202908",
    "SecondPhaseBuff": "2601c5aa-4f9b-450f-8a50-69f36d694d3d",
    "SecondPhaseFeature": "56365f1f-cf02-4ad7-873f-5b6dd6becbb2",

    // Patch Prestige Class Spellbook
    "LoremasterIsekai": "4133ad57-ec5b-4562-96d3-613e90418597",
    "HellknightSignifierIsekai": "0b417c38-5b73-4723-815d-d31021d83dee",
    "ArcaneTricksterIsekai": "869bd1f3-b88c-4a65-a478-e2468816ea85",
    "MysticTheurgeArcaneIsekai": "f6228a05-715a-4927-9f02-8d749adda086",
    "MysticTheurgeDivineIsekai": "70fbae81-888a-422e-9ff1-639d7e7ec670",
    "DragonDiscipleIsekai": "5459c7f4-5b56-4e77-89f4-b8332ddb4aa5",
    "EldritchKnightIsekai": "d8594b8b-7be0-4ed3-b08c-3c96af5e1475",
    "WinterWitchIsekai": "a0413802-73fa-44c6-a9c8-bfeee0b20622",
    "LoremasterMastermind": "63d7461a-e50e-4cb7-9fe5-51b2bdf742b8",
    "HellknightSignifierMastermind": "e40dd66f-a0de-4656-bdb6-f6ca23a93efe",
    "ArcaneTricksterMastermind": "28e0087b-56d1-4ff0-9cdf-b1781cf6c3b5",
    "MysticTheurgeArcaneMastermind": "96f884e0-33b4-4cd7-bdcd-ff1fb683a964",
    "MysticTheurgeDivineMastermind": "5001b591-3223-4a91-88d6-bc5adc2d47eb",
    "DragonDiscipleMastermind": "93177109-389c-4cb0-8662-f18364e1e265",
    "EldritchKnightMastermind": "befb34db-255c-4523-ae30-6e2751b676c8",
    "WinterWitchMastermind": "6b71585a-95fd-4264-bf01-5649461cc8c5",
    "LoremasterOverlord": "9e42bb3c-6873-4de2-b6a4-2a84b6975932",
    "HellknightSignifierOverlord": "d03c8620-fdcf-470a-9dce-19bf43b4f09b",
    "ArcaneTricksterOverlord": "8ff6e354-a435-4846-a90b-a89cb12b30c3",
    "MysticTheurgeArcaneOverlord": "f590995c-9017-47f8-bf43-b1244778ba77",
    "MysticTheurgeDivineOverlord": "23172d62-c778-4d68-b351-897879b54e1c",
    "DragonDiscipleOverlord": "d03769d9-29f1-4940-b147-576527e12c44",
    "EldritchKnightOverlord": "a2ff95a9-001c-43ba-b0f2-7fbcd5ec904f",
    "WinterWitchOverlord": "33fa2b2d-34a7-488b-9621-503936285ac5",
    "LoremasterGodEmperor": "afe29c72-32cb-4e6b-a694-37e459b604a6",
    "HellknightSignifierGodEmperor": "fa9b1a8c-90aa-4382-9055-5432f9eb9927",
    "ArcaneTricksterGodEmperor": "bace8b14-ad31-489c-a37e-48c8d10f1c30",
    "MysticTheurgeArcaneGodEmperor": "c2c49fa8-503a-4022-8248-df28519de2f9",
    "MysticTheurgeDivineGodEmperor": "3bfc209b-8d4f-4c1d-a971-61a90a133362",
    "DragonDiscipleGodEmperor": "65c6877b-d15f-4bde-9b76-d6196a6a51b8",
    "EldritchKnightGodEmperor": "af30529a-7fd2-43c5-99c2-3222da5f911c",
    "WinterWitchGodEmperor": "dfe90f97-9551-49d7-a152-3a6a59fa1a2d",

    // Deathsnatcher
    "DeathsnatcherClass": "e44a0435-06db-43e8-8762-35cd775bfd86",
    "DeathsnatcherClassProgression": "be954421-a769-4980-b04d-9725495e1ad6",
    "DeathsnatcherCompanionProgression": "7a99875f-7d87-4cc0-a7fb-8ebdaabce9f8",
    "DeathsnatcherPortrait": "969ea9ec-c47c-4fa5-bc12-c5aadc1efcd8",
    "DeathsnatcherUnit": "6846be37-6af5-4343-b4d4-884d849ceae1",
    "DeathsnatcherSlotFeature": "d4161122-8c8f-4282-a46d-3521256c7cc9",
    "DeathsnatcherFeature": "c7f80655-70dd-4c86-8c47-7b553ccbc662",
    "DeathsnatcherPoisonSting": "d89a04b8-1266-4a94-a4f5-47968835602e",
    "DeathsnatcherFastHealing": "2592a3a7-3e5c-4904-a278-5c2631a3d9a6",
    "DeathsnatcherResistances": "a81a32ae-b3de-4b4b-9259-485ebe600877",
    "DeathsnatcherSizeBabyBuff": "5692d554-a2bc-4018-9c25-3a612297129e",
    "DeathsnatcherSizeBaby": "03ddb4e2-8a88-4532-af4a-93673eaa6383",
    "DeathsnatcherNaturalArmor": "7029a082-0258-49c7-956c-eee17abcef11",
    "DeathsnatcherSizeBabyFeature": "3521cf3a-9c27-49ce-afc1-9233cc6e668f",
    "DeathsnatcherCommandUndeadResource": "5caa135a-9313-4029-9af3-ffb3335e1482",
    "DeathsnatcherCommandUndeadAbility": "cd2c1ae4-f981-4f6d-9f52-55cebac81747",
    "DeathsnatcherCommandUndeadFeature": "5ea8dedf-7d32-4fdb-af64-73b61ad80f31",
    "DeathsnatcherAnimateDeadResource": "8e4456b8-42db-4a64-ba8c-4a65d1e041e7",
    "DeathsnatcherAnimateDeadAbility": "70519d59-f1e4-496e-956e-f123a6a99b74",
    "DeathsnatcherAnimateDeadFeature": "6d1d10d8-f55d-4b3a-94ce-8080884fff1f",
    "DeathsnatcherAnimateDeadAdditionalUse": "e039f651-9ad8-4a2c-b3e2-b35c35d9b8bb",
    "DeathsnatcherCreateUndeadResource": "443fd23d-6668-4f88-8c54-36cb9e4cf9b2",
    "DeathsnatcherCreateUndeadAbility": "778b814c-1cef-404f-aa65-510202f14771",
    "DeathsnatcherCreateUndeadFeature": "d0f0a30a-a31c-4387-a281-d20b477312b6",
    "DeathsnatcherFingerOfDeathResource": "41c07e77-acd9-4690-99d1-2474b45ed83b",
    "DeathsnatcherFingerOfDeathAbility": "8c87b09b-3b9c-49c1-8957-87734de017c9",
    "DeathsnatcherFingerOfDeathFeature": "ffa4c9ae-228f-4ee6-9d74-cce557472bf4",
    "DeathsnatcherUndeadMaster": "1a25fc4a-b94d-4e92-9d75-eb598c3a9af8",

    // Dialogue
    "IsekaiDialogueHulrun": "068f20c2-6f38-4a36-8480-67a3df51249d",
    "IsekaiDialogueRadiance": "6eb1b1a0-12ea-4cbd-960e-9bb3b9e619f5",
    "IsekaiKaylessaDrowLeader": "6bea7b0f-8b20-43ac-87a3-8ec8cd6615ae",
    "IsekaiDialogueHorgusReply": "4f6ce8ab-dea7-46bd-9bcc-c40b634b5a95",
    "IsekaiDialogueHorgus": "168a41f4-4099-4231-a41e-7b5eba064ab0",
    "IsekaiDialogueMinaghoSeelahReply": "22f89628-f708-4322-969c-483de01313d5",
    "IsekaiDialogueMinaghoCamelliaReply": "9bfd01aa-1441-4bd0-acbe-4cd8418591c4",
    "IsekaiDialogueMinaghoIrabethReply": "c2e7cf67-c86c-4fa9-9b97-7616dbbca40f",
    "IsekaiDialogueMinagho": "2da45ce0-6612-4b02-9b9f-9945b5be2e20",
    "IsekaiDialogueAneviaReply2": "abd707f1-1255-4a1c-a907-c4f83362ab1a",
    "IsekaiDialogueAneviaReply": "ffe49efd-87a5-4d6a-88db-4d4f89f01c3a",
    "IsekaiDialogueAnevia": "a0af05f1-e779-4fba-b81e-9479f0872547",
    "IsekaiDialogueIrabethReplySuccess": "d31a95ac-5f7f-4d90-8c05-37a311767ed8",
    "IsekaiDialogueIrabethReplyFail": "e6091979-6b1e-4423-8e99-f36079c8b1b1",
    "IsekaiDialogueIrabethCheck": "d810306a-17fd-4b95-bc29-627b64cb0eb2",
    "IsekaiDialogueIrabethReply2": "0031a145-e5fd-49eb-b8cd-ce7f4418c7dc",
    "IsekaiDialogueIrabethAnswer1": "1d75045e-c85e-4a52-8018-b291b457ae17",
    "IsekaiDialogueIrabethAnswer2": "56fd706a-ed56-452f-bbdf-30672f8e42d3",
    "IsekaiDialogueIrabethReply": "29d7c0d2-45ac-4297-80ac-3303e58382ec",
    "IsekaiDialogueIrabeth": "04827180-1d93-44b4-a412-9ae953325663",
    "IsekaiDialogueAneviaReply3": "5024161e-83c7-4b2b-8125-ca144233f0ae",
    "IsekaiDialogueAnevia2": "8aeae780-f496-4141-be7f-e5c863e98c0b",
    "IsekaiDialogueFinnean": "6e235ead-7aec-4d11-a7bc-3a62b4b9313a",
    "IsekaiDialogueFinneanReply": "a4b357af-430c-4fba-988c-5a06e9047bb9",
    "IsekaiDialogueNenioStatueReply": "85c5c396-91c0-4d13-b7fc-3022f15f0de1",
    "IsekaiDialogueNenioStatueAnswer1": "98aaeff3-bc6a-4638-a2a5-f588ad1b0d2a",
    "IsekaiDialogueNenioStatueAnswer2": "c433e796-4d80-4b66-8791-a94546e99f76",
    "IsekaiDialogueNenioStatueAnswer3": "77f78caf-8547-40de-9251-1cb4880549fe",
    "IsekaiDialogueNenioStatueAnswer4": "c8c48db2-8962-40df-bbc8-68571fca73e0",
    "IsekaiDialogueNenioStatueAnswer5": "3f993fec-1629-4f6a-9b2b-4b4a7da4b8cc",
    "IsekaiDialogueNenioStatueAnswer6": "2eee366a-8dc8-433e-9f98-627437d56673",

    //AddedDefinitions
    "AeonSpellsKnown": "6f77b957-9ebc-4f98-b5f4-28837ddd300d",
    "AngelSpellsKnown": "6a47e71d-de84-44ba-923c-39df96c2b164",
    "AzataSpellsKnown": "6f83898f-1aff-496c-ac6a-1c6d2dea5a76",
    "BarbarianLegacy": "2d32af28-1088-47ae-a6d0-047759a18f16",
    "BarbarianTraining": "269e51fd-dc70-41e9-a06d-5259279f0680",
    "BardLegacy": "09347c80-a1af-44ae-a688-6dfff920808a",
    "BlessingOfTheAngel": "f016357c-eb6c-4802-ba00-734633f51c91",
    "BlessingOfTheAzata": "c0eaeff1-a319-4e07-a584-c10f7458c724",
    "BlessingOfTheLich": "160c1c05-1da2-440d-893b-af6034150bf6",
    "BlessingOfTheMythic": "f3ad36bd-ada0-4450-9694-890b22813513",
    "BlessingOfTheTrickster": "3a17cf24-0ea2-4364-b675-2def384c3cc6",
    "DemonSpellsKnown": "2703b954-8ac9-4d80-b57c-e5c5c661d617",
    "EdgeLordLegacySelection": "14ccfd3e-6996-4e00-8b7a-188f21532ae4",
    "HeroLegacySelection": "8024a569-be06-40ed-a6fb-75a020213799",
    "IsekaiBloodlineSelection": "acfd99e8-06a9-49ea-92f4-aed5d1269790",
    "IsekaiOracleCurseSelection": "bca6aef0-565d-4ea1-baa2-069f0ad1260d",
    "IsekaiOracleMysterySelection": "81225acc-6215-4336-a472-15f038c0b2be",
    "IsekaiOracleSelection": "c174da80-d702-4a20-a576-f9cbf4afac83",
    "IsekaiProtagonistArcana": "cadb0f19-564d-4490-a654-1efba0f0fcbe",
    "IsekaiSorcererSelection": "62369749-fcb3-441d-9254-4158712a133d",
    "KineticLegacy": "cef0b68e-c878-4b52-a1c0-60d87ed8f56c",
    "LegacyAbilitySelection": "a140e10e-4602-4ff6-b130-107d98eb5581",
    "LegacyClassSelection": "2036095f-29c9-491a-a18f-b7cd9fd33ef6",
    "LichSpellsKnown": "ce08907b-4af1-4a02-a406-c97522e218c2",
    "OracleLegacyProgression": "6907b45f-3415-494d-af28-9e5c156b04eb",
    "RogueLegacy": "a94d1775-5e28-4836-a946-344ae44a311b",
    "SorcererLegacyProgression": "3f97724c-fd08-4800-85ca-f20d15bb363f",
    "TricksterSpellsKnown": "3e1cc954-707d-45cb-85b4-93b4b868dbb8",
    "MastermindLegacySelection": "4fa068ba-60ae-4b76-ba8f-a1d0a9001e82",
    "OverlordLegacySelection": "0b37b4b8-16a0-4453-8aa2-1559268c521c",

    "IsekaiHexSelection": "a2f9ad9e-06d1-4e8b-875f-090e4ac44522",
    "IsekaiShamanSelection": "90c3002e-5a04-4c00-ac0f-9b5eab4869b2",
    "IsekaiSpiritSelection": "71fda586-ce0f-4faf-b3d1-d520fc3d0ee2",
    "ShamanLegacy": "4120fe95-1db3-405e-add6-15f5d9462ebc",

    "DreadKnightLegacy": "ca451a52-6c48-46c8-8ff0-e0acc38153a9",
    "IsekaiKMagusTraining": "2c913a0e-3ad8-45a0-8298-06b46c78332d",
    "KineticKnightLegacy": "5cc2118f-7544-4557-8cc5-70a345a09552",
    "GodEmperorLegacySelection": "99999999-0009-0000-0000-900000000001",
    "FighterBasicIsekaiLegacy": "99999999-0009-0000-0001-000000000001",
    "Fighter2HandedLegacy": "99999999-0009-0000-0001-000000000002",
    "FighterShieldLegacy": "99999999-0009-0000-0001-000000000003",
    "KineticOverwhelmingSoulLegacy": "99999999-0009-0000-0002-000000000001",
    "KineticDarkElementalistLegacy": "99999999-0009-0000-0002-000000000002",
    "KineticPsychoLegacy": "99999999-0009-0000-0002-000000000003",
    "MonkBaseLegacy": "99999999-0009-0000-0003-000000000001",
    "MonkScaledFistLegacy": "99999999-0009-0000-0003-000000000002",
    "SkaldBaseLegacy": "99999999-0009-0000-0004-000000000001",
    "SkaldSilverTongueLegacy": "99999999-0009-0000-0004-000000000002",
    "SkaldVoiceLegacy": "99999999-0009-0000-0004-000000000003",
    "ShifterBaseLegacy": "99999999-0009-0000-0005-000000000001",
    "ShifterStingerLegacy": "99999999-0009-0000-0005-000000000002",
    "ShifterDragonLegacy": "99999999-0009-0000-0005-000000000003",
    "ShifterEvilLegacy": "99999999-0009-0000-0005-000000000004",
    "ShifterGriffonLegacy": "99999999-0009-0000-0005-000000000005",
    "ShifterHolyLegacy": "99999999-0009-0000-0005-000000000006",
    "PaladinBaseLegacy": "99999999-0009-0000-0006-000000000001",
    "DruidBaseLegacy": "99999999-0009-0000-0007-000000000001",
    "IsekaiWitchSelection": "99999999-0009-0000-0008-000000000001",
    "WitchBaseLegacy": "99999999-0009-0000-0008-000000000002",
    "InquisitorDomains": "99999999-0009-0000-0009-000000000001",
    "InquisitorTacticianLegacy": "99999999-0009-0000-0009-000000000002",
    "InquisitorJudgeLegacy": "99999999-0009-0000-0009-000000000003",
    "InquisitorDomainLordLegacy": "99999999-0009-0000-0009-000000000004",
    "InquisitorAdditionalDomains": "99999999-0009-0000-0009-000000000005",
    "IsekaiBloodragerSelection": "99999999-0009-0000-0010-000000000001",
    "BloodragerChimeraLegacy": "99999999-0009-0000-0010-000000000002",
    "PlayerComputerNerdLegacy": "99999999-0009-0000-0011-000000000001",
    "PlayerPartTimeWorkerLegacy": "99999999-0009-0000-0011-000000000002",
    "ArcanistBasicLegacy": "99999999-0009-0000-0012-000000000001",
    "ArcanistBrownFurLegacy": "99999999-0009-0000-0012-000000000002",
    "ArcanistEldritchFontLegacy": "99999999-0009-0000-0012-000000000003",
    "CavalierBasicLegacy": "99999999-0009-0000-0013-000000000001",
    "CavalierKnightOfWall": "99999999-0009-0000-0013-000000000002",
    "CavalierStandardBearerLegacy": "99999999-0009-0000-0013-000000000003",
    "MagusBasicLegacy": "99999999-0009-0000-0014-000000000001",
    "MagusArcherLegacy": "99999999-0009-0000-0014-000000000002",
    "MagusDancerLegacy": "99999999-0009-0000-0014-000000000003",
    "MagusSpellbladeLegacy": "99999999-0009-0000-0014-000000000004",
    "IsekaiHumanHeritageSelection": "99999999-0009-9000-0001-000000000001",
    "IsekaiHumanHeritageDummyFeat": "99999999-0009-9000-0001-000000000002",
    "IsekaiHumanHeritageNoFeat": "99999999-0009-9000-0001-000000000003",
    "IsekaiHighHumanHeritage": "99999999-0009-9000-0001-000000000004",
    "IsekaiHumanCrossbreedLegacy": "99999999-0009-9000-0001-000000000005"

  },
  "AutoGenerated": {},
  "UnusedGUIDs": {}
}