﻿{
  "Id": "IsekaiMod",
  "DisplayName": "Isekai Mod",
  "Author": "JohN100x1",
  "Version": "5.4.2",
  "ManagerVersion": "0.24.0",
  "Requirements": [ "TabletopTweaks-Core-0.6.2" ],
  "AssemblyName": "IsekaiMod.dll",
  "EntryMethod": "IsekaiMod.Main.Load",
  "LoadAfter": [
    "ExpandedContent",
    "MythicArcanist",
    "MysticalMayhem",
    "SpellbookMerge",
    "TabletopTweaks-Core",
    "TabletopTweaks-Base",
    "TabletopTweaks-Reworks",
    "TomeOfTheFirebird",
    "AddedFeats",
    "CharacterOptionsPlus",
    "DarkCodex",
    "KineticistElementsExpanded",
    "MartialExcellence",
    "HomebrewArchetypes",
    "MicroscopicContentExpansion",
    "MysticalMayhem",
    "SparsSorcerousSundries"
  ],
  "HomePage": "https://www.nexusmods.com/pathfinderwrathoftherighteous/mods/398"
}